,UserScreenName,UserName,Timestamp,Text,Embedded_text,Emojis,Comments,Likes,Retweets,Image link,Tweet URL
0,Nasionalis Cyber Indonesia #NCI,@NasionalisSiber,2021-05-26T23:20:11.000Z,"Apakah resignnya Alvin Wijaya dari TGUPP terkait dengan kasus mafia jabatan sehingga 239 PNS tak mau ikut lelang jabatan ? 
@aniesbaswedan
 @DKIJakarta
 
#DKIJakarta",,,,,,['https://pbs.twimg.com/media/E2WbWlpVEAQfjF8?format=jpg&name=small'],https://twitter.com/NasionalisSiber/status/1397694081644462082
1,JakShared,@patriot016610,2021-05-26T23:11:14.000Z,"Bekerja dalam sunyi
Era Gubernur 
@aniesbaswedan
 jumlah penduduk miskin di ibu kota 
@DKIJakarta
 merupakan yang terendah dibanding propinsi lain di indonesia.

Majukan kotanya bahagiakan warganya",,üéû,4,52,221,"['https://pbs.twimg.com/media/E2WZSeTUUAAyTZ2?format=jpg&name=360x360', 'https://pbs.twimg.com/media/E2WZTQQUcAEAEr3?format=jpg&name=360x360']",https://twitter.com/patriot016610/status/1397691827415703556
2,Dinas Sumber Daya Air DKI Jakarta,@DinasSDAJakarta,2021-05-26T23:06:46.000Z,"PDATE Tinggi Muka Air, Kamis 27 Mei 2021 Pukul 06.00 WIB. 
@aniesbaswedan
@ArizaPatria
@DKIJakarta
@DinasSDAJakarta
@BPBDJakarta
@BeritaJakarta
#PasukanBiru
#PerluTahu
#JAKI
https://facebook.com/DinasSDAProvDKIJkrt/‚Ä¶",,,,1,1,['https://pbs.twimg.com/media/E2WYSNbVcAc1AgN?format=jpg&name=small'],https://twitter.com/DinasSDAJakarta/status/1397690705519124481
3,JakShared,@patriot016610,2021-05-26T22:57:32.000Z,"Perayaan keagamaan di ibu kota 
@DKIJakarta
 memberikan arti tersendiri. Berbeda beda tetap satu jua.
Persatuan tersebut yakni perasaan kesetaraan, kebersamaan, hingga bekerja bersama-sama
Inilah yang selalu di hadirkan Gubernur 
@aniesbaswedan
 Merajut Persatuan Kebhinekaan",,üéû,2,23,105,['https://pbs.twimg.com/media/E2WWKnTVkAA4lwn?format=jpg&name=small'],https://twitter.com/patriot016610/status/1397688381627244549
4,Dinas Sumber Daya Air DKI Jakarta,@DinasSDAJakarta,2021-05-26T15:10:47.000Z,"UPDATE Tinggi Muka Air, Rabu 26 Mei 2021 Pukul 22.00 WIB. 
@aniesbaswedan
@ArizaPatria
@DKIJakarta
@DinasSDAJakarta
@BPBDJakarta
@BeritaJakarta
#PasukanBiru
#PerluTahu
#JAKI
http://facebook.com/DinasSDAProvDKIJkrt/‚Ä¶",,,,,1,['https://pbs.twimg.com/media/E2UrTPXUYAMJn2y?format=jpg&name=small'],https://twitter.com/DinasSDAJakarta/status/1397570919338418176
5,P H E R B E E D,@budiawan_firza,2021-05-26T15:07:25.000Z,"Seharusnya 
@DKIJakarta
 melihat program ini sebagai peluang. Melakukan kerjasama untuk menyalurkan warga mudanya yang ingin berkrativitas di bidang pertanian. Agar para pemuda Indonesia tdk hanya terpaut pada kurir online saja.","BERKARYA NETWORK
@BERKARYA_NET
 ¬∑ 23h
Mindset terkait optimalisasi lahan pekarangan, kini; harus kearah penghasilan tambahan. Tidak lagi, hanya untuk kebutuhan konsumsi rumah tangga. Why? Setiap rumah harus punya produk masuk pasar.  Indonesia butuh bayak Pengusaha. twitter.com/PetaniRasional‚Ä¶
Show this thread",üõ∞,,,,['https://pbs.twimg.com/profile_images/1335963485272821760/HB7hbdWH_mini.jpg'],https://twitter.com/budiawan_firza/status/1397570072504242176
6,Dinas Sumber Daya Air DKI Jakarta,@DinasSDAJakarta,2021-05-26T14:07:25.000Z,"UPDATE Tinggi Muka Air, Rabu 26 Mei 2021 Pukul 21.00 WIB. 
@aniesbaswedan
@ArizaPatria
@DKIJakarta
@DinasSDAJakarta
@BPBDJakarta
@BeritaJakarta
#PasukanBiru
#PerluTahu
#JAKI
http://facebook.com/DinasSDAProvDKIJkrt/‚Ä¶",,,,,3,['https://pbs.twimg.com/media/E2Uc1k8UUAEmt9X?format=jpg&name=small'],https://twitter.com/DinasSDAJakarta/status/1397554974217834496
7,Covid19Out,@yamanMuharam,2021-05-26T14:01:08.000Z,"Ketum SOKSI, Ali Wongso lantik Depidar SOKSI DKI Jakarta dan Depipus Gerakan Perempuan SOKSI http://teropongsenayan.com/121862-ketum-soksi-ali-wongso-lantik-depidar-soksi-dki-jakarta-dan-depipus-gerakan-perempuan-soksi#.YK5KShBxi9Y.whatsapp‚Ä¶ 
@DPPGolkar
 @Info_Golkar
 @iipgolkar
 @fraksigolkar
 @airlangga_hrt
 @kabargolkarnews
 @DKIJakarta
 @PemdaDKIJakarta
 @aniesbaswedan
 @ArizaPatria
 @DivHumas_Polri","Ketum SOKSI, Ali Wongso lantik Depidar SOKSI DKI Jakarta dan Depipus Gerakan Perempuan SOKSI
Ketum SOKSI, Ali Wongso lantik Depidar SOKSI DKI Jakarta dan Depipus Gerakan Perempuan SOKSI
teropongsenayan.com",,,,,['https://pbs.twimg.com/card_img/1397543417429643271/WsS6oUML?format=jpg&name=360x360'],https://twitter.com/yamanMuharam/status/1397553390251507717
8,Bang Ucok,@Chr1sjunt,2021-05-26T13:41:02.000Z,"Ngurusin 
@DKIJakarta
 aja lu 
@aniesbaswedan
 belum mampu, mau ngurusin negara orang lain, ada cermin gak di Balkot ???","Anton Stefanus
@AntonStefanus
 ¬∑ May 26
.
.
ANDA GUBERNUR PALESTINA
APA GUBERNUR JAKARTA WAHAI BAGINDA @aniesbaswedan ?!!

Pantas aja Jakarta AMBURADUL,
Karena yg jadi agenda utama Anda bukan Jakarta dan Warganya .. Tapi Palestina

Lagian Anda mampu memberikan kemerdekaan buat Palestina ?!!
.
.

https://nasional.sindonews.com/read/434802/12/anies-perjuangan-untuk-kemerdekaan-palestina-selalu-jadi-agenda-utama-1621695929‚Ä¶",,1,3,10,['https://pbs.twimg.com/profile_images/1319548342154637312/QkH40Jtm_mini.jpg'],https://twitter.com/Chr1sjunt/status/1397548333598527491
9,Pemadam DKI Jakarta,@humasjakfire,2021-05-26T13:39:50.000Z,"Petugas #DamkarDKI berhasil mengevakuasi 2 ekor monyet di Jl. Komplek Vika Mas RT. 13 RW. 05, Kel.Kapuk Muara, Kec. Penjaringan, Jakarta Utara (26/5/2021) #JAKI 
@DKIJakarta
 @aniesbaswedan
 @ArizaPatria
 @dprddkijakarta",,,,1,9,['https://pbs.twimg.com/ext_tw_video_thumb/1397547988277334025/pu/img/2h3nku6cEXX4-36b.jpg'],https://twitter.com/humasjakfire/status/1397548030639820803
10,Bang Ucok,@Chr1sjunt,2021-05-26T13:38:51.000Z,"Dengerin tuh woi 
@aniesbaswedan
 urus aja 
@DKIJakarta
 diakhir tugas lu, gak urusin negara lain","Eko Kuntadhi
@eko_kuntadhi
 ¬∑ May 26
Mestinya agenda utamanya penyediaan rumah bagi warga miskin. Penanganan banjir. Mengurus ekonomi rakyat. Pembenahan birokrasi. 

Urusan Palestina, biar jadi agenda PBB sama para diplomat. Bukan urusan Gubernur.",,,,,"['https://pbs.twimg.com/profile_images/1037649419296894977/cmU8cW7i_mini.jpg', 'https://pbs.twimg.com/media/E2UCf2IVEAA07LL?format=jpg&name=small']",https://twitter.com/Chr1sjunt/status/1397547784249643011
11,Pemprov DKI Jakarta,@DKIJakarta,2021-05-26T12:01:39.000Z,"[TERBARU] Penanganan #COVID19 di Jakarta.
(1/2) Update data tes PCR/antigen, kasus dan vaksinasi DKI Jakarta 26 Mei 2021. Strategi tes, lacak dan isolasi terus digencarkan untuk temukan sebanyaknya kasus positif agar tidak menularkan virus.
#JagaJakarta  #PSBBJakarta #PPKM",,,7,7,18,"['https://pbs.twimg.com/media/E2UACOtVoAInrgz?format=jpg&name=360x360', 'https://pbs.twimg.com/media/E2UADEZVcAIu0ek?format=jpg&name=360x360']",https://twitter.com/DKIJakarta/status/1397523323865559048
12,Dinas Sumber Daya Air DKI Jakarta,@DinasSDAJakarta,2021-05-26T11:01:07.000Z,"UPDATE Tinggi Muka Air, Rabu 26 Mei 2021 Pukul 18.00 WIB. 
@aniesbaswedan
@ArizaPatria
@DKIJakarta
@DinasSDAJakarta
@BPBDJakarta
@BeritaJakarta
#PasukanBiru
#PerluTahu
#JAKI
http://facebook.com/DinasSDAProvDKIJkrt/‚Ä¶",,,,,1,['https://pbs.twimg.com/media/E2TyMISVUAQl3AI?format=jpg&name=small'],https://twitter.com/DinasSDAJakarta/status/1397508090598072320
13,#FreeHabibRieziqShihab,@imbangimedia,2021-05-26T10:42:41.000Z,"Fitnah beda dengan kritik. Fitnah jelas harus dilaporkan kepada 
@DivHumas_Polri
 . Apalagi Pak 
@aniesbaswedan
 tentu sudah paham sepak terjang #BuzzeRp yg memfitnahnya. Jangan gentar untuk melaporkan buzzer Pak. Cc 
@DKIJakarta","Maudy Asmara
@Mdy_Asmara1701
 ¬∑ May 26
Sosok pemimpin yang konsisten!

""Saya tidak akan gentar hanya karena dikritik!"" Anies Baswedan
0:54
3.7K views",,,1,1,['https://pbs.twimg.com/profile_images/1393724706692288514/7Se9wbBf_mini.jpg'],https://twitter.com/imbangimedia/status/1397503448753467392
14,Om Budhi Uban,@BudhiJade,2021-05-26T10:33:04.000Z,"Insha Allah, Saya Mitra Driver GoRide Gojek siap di Vaksinasi Covid19 Tahap 2, Bismillahirrahmanirrahim...
@gojekindonesia
 @HalodocID
 @KemenkesRI
 @DKIJakarta
 @DishubDKI_JKT",,,1,,1,['https://pbs.twimg.com/media/E2TrxtkUYAAtv_J?format=jpg&name=small'],https://twitter.com/BudhiJade/status/1397501030879797250
15,Romi,@romi_mr,2021-05-26T10:13:37.000Z,"RT lah yang paling mengenal warga yg berdomisili di #kalibatacity.  RT juga perpanjangan tangan pemerintahan NKRI di 
@dkijakarta
 , karena warga TIDAK tinggal di negara republik developer cc perumahandki","The following media includes potentially sensitive content. Change settings
View",,,,,[],https://twitter.com/romi_mr/status/1397496133669122049
16,Dinas Sumber Daya Air DKI Jakarta,@DinasSDAJakarta,2021-05-26T10:08:44.000Z,"UPDATE Tinggi Muka Air, Rabu 26 Mei 2021 Pukul 17.00 WIB. 
@aniesbaswedan
@ArizaPatria
@DKIJakarta
@DinasSDAJakarta
@BPBDJakarta
@BeritaJakarta
#PasukanBiru
#PerluTahu
#JAKI
http://facebook.com/DinasSDAProvDKIJkrt/‚Ä¶",,,,,1,['https://pbs.twimg.com/media/E2TmMrPVcAI5YKj?format=jpg&name=small'],https://twitter.com/DinasSDAJakarta/status/1397494904176005122
17,Pemprov DKI Jakarta,@DKIJakarta,2021-05-26T09:39:10.000Z,"Jadwal dan Tata Cara Pra Pendaftaraan Penerimaan Peserta Didik Baru (PPDB) secara daring untuk jenjang SMP, SMA dan SMK, dimulai tanggal 24 Mei - 4 Juni 2021 melalui website https://sidanira.jakarta.go.id

#ppdbdki2021
#Jakartasiapsekolah
#ayojakartasekolah
#dkijakarta
#Kotakolaborasi",,,5,6,11,"['https://pbs.twimg.com/media/E2TfbvVVcAks1OV?format=jpg&name=small', 'https://pbs.twimg.com/media/E2Tfb7GUYAE7El1?format=jpg&name=small']",https://twitter.com/DKIJakarta/status/1397487464365785089
18,Dinas Sumber Daya Air DKI Jakarta,@DinasSDAJakarta,2021-05-26T09:08:56.000Z,"Kegiatan kuras saluran di Jln. Lapangan Banteng Selatan Kec. Sawah Besar (SSDA Jak-Pus).
@aniesbaswedan
@ArizaPatria
@DKIJakarta
@DinasSDAJakarta
@BPBDJakarta
@BeritaJakarta
#PasukanBiru 
#JAKI 
#perlutahu
#OperasiSiagaIbuKota
#jagajakarta",,,,,3,"['https://pbs.twimg.com/media/E2TYfaIVcAAWS3t?format=jpg&name=small', 'https://pbs.twimg.com/media/E2TYfaOUYAAJ-wC?format=jpg&name=360x360', 'https://pbs.twimg.com/media/E2TYfaTVcAQL4Ox?format=jpg&name=360x360']",https://twitter.com/DinasSDAJakarta/status/1397479859031404547
19,Dinas Sumber Daya Air DKI Jakarta,@DinasSDAJakarta,2021-05-26T09:06:32.000Z,"Kegiatan Perbaikan Turap Kali Sentiong di Lokasi Jln. Kampung Rawa Sawah Kel. Kampung Rawa Kec. Johar Baru (SSDA Jak-Pus).
@aniesbaswedan
@ArizaPatria
@DKIJakarta
@DinasSDAJakarta
@BPBDJakarta
@BeritaJakarta
#PasukanBiru 
#JAKI 
#perlutahu
#OperasiSiagaIbuKota
#JagaJakarta",,,,1,6,"['https://pbs.twimg.com/media/E2TX4DxVgAISHNo?format=jpg&name=360x360', 'https://pbs.twimg.com/media/E2TX4D1VgAE8ME9?format=jpg&name=360x360', 'https://pbs.twimg.com/media/E2TX4DyVoAEpUx_?format=jpg&name=360x360', 'https://pbs.twimg.com/media/E2TX4D2VkAAhLBq?format=jpg&name=360x360']",https://twitter.com/DinasSDAJakarta/status/1397479251763351554
20,JakShared,@patriot016610,2021-05-26T08:44:55.000Z,"Atas nama Pemprov 
@DKIJakarta
 kami ""
@aniesbaswedan
"" bersama jajaran mengucapkan Selamat Hari Raya Waisak 2565 BE/2021.
Waisak membangkitkan semangat persatuan untuk indonesia maju, semangat optimisme dan kebersamaan untuk bisa bersama sama bangkit melewati pandemi.",,üéû,,,2,['https://pbs.twimg.com/media/E2TS-aXVgAcr8oi?format=jpg&name=small'],https://twitter.com/patriot016610/status/1397473813772701696
21,Dinas Sumber Daya Air DKI Jakarta,@DinasSDAJakarta,2021-05-26T07:58:02.000Z,"UPDATE Tinggi Muka Air, Rabu 26 Mei 2021 Pukul 15.00 WIB. 
@aniesbaswedan
@ArizaPatria
@DKIJakarta
@DinasSDAJakarta
@BPBDJakarta
@BeritaJakarta
#PasukanBiru
#PerluTahu
#JAKI
http://facebook.com/DinasSDAProvDKIJkrt/‚Ä¶",,,,,2,['https://pbs.twimg.com/media/E2TH4tXVEAQ7XUw?format=jpg&name=small'],https://twitter.com/DinasSDAJakarta/status/1397462014495055878
22,M~S ·ØÖ·Øó·ØÇ·Ø≤,@msimsims,2021-05-26T07:47:08.000Z,"Maaf Pemprov 
@DKIJakarta
 ....
Apakah Jakarta sudah beralih fungsi dan wewenang 
Tidaklah menjadi soal untuk peduli tapi ya... kesejahteraan dan kemakmuran masyarakat DKI loh agenda PEMDA.","Anies: Insya Allah Kemerdekaan Bagi Palestina Jadi Agenda Utama Kita
PRANUSA.ID -- Gubernur DKI Jakarta Anies Baswedan memastikan Indonesia selalu mendoakan rakyat Palestina yang saat ini tengah menghadapi agresi militer Israel. Pernyataan itu disampaikannya dalam...
pranusa.id",ü§î ü§î ü§î,,,1,['https://pbs.twimg.com/card_img/1397375430093545473/wRt1Inc3?format=jpg&name=small'],https://twitter.com/msimsims/status/1397459269415432192
23,Jakarta Satu,@jakartasatudki,2021-05-26T07:20:52.000Z,"Cara melihat Peta Persebaran JPO beserta Data Atributnya di Jakarta Satu.

Simak utas berikut ini.
@aniesbaswedan
 @ArizaPatria
@DKIJakarta
 @dcktrp_dki
 @BinaMargaDKI
 @esriindonesia
#PetaPersebaranJPO #DKIJakarta #JakartaSatu #ESRI",,,1,1,,['https://pbs.twimg.com/media/E2S_yMsVUAYapvu?format=jpg&name=small'],https://twitter.com/jakartasatudki/status/1397452660878442497
24,Satpol PP DKI Jakarta,@SatpolPP_DKI,2021-05-26T04:47:54.000Z,"#Kilasgiat Rabu (26/05) Satpol PP DKI Jakarta, Melaksanakan Tugas Jaga Pengendalian Pembatasan Arus Libur Lebaran tahun 2021.
.
.
Lokasi : Posko Cek Point 
Panasonic Jalan Raya Bogor.
.
@aniesbaswedan
@ArizaPatria
@JSCLab
@DKIJakarta
#JAKI 
#DKIJakarta 
AG",,,,,1,"['https://pbs.twimg.com/media/E2Scw_GVoAAiSrf?format=jpg&name=360x360', 'https://pbs.twimg.com/media/E2ScxfjVoAMXgY6?format=jpg&name=360x360', 'https://pbs.twimg.com/media/E2ScxRQVIAUVGcV?format=jpg&name=360x360', 'https://pbs.twimg.com/media/E2ScxwkVEAQuQX8?format=jpg&name=360x360']",https://twitter.com/SatpolPP_DKI/status/1397414165325565955
25,Satpol PP DKI Jakarta,@SatpolPP_DKI,2021-05-26T04:46:26.000Z,"Selamat Merayakan Tri Suci Waisak 2565

Petugas Satpol PP DKI Jakarta sinergi bersama unsur Kepolisian melakukan pengamanan dan pengendalian ketertiban umum di tempat ibadah Vihara
.
@aniesbaswedan
@ArizaPatria
@JSCLab
@DKIJakarta
#JAKI 
#DKIJakarta 
AG",,,1,3,10,"['https://pbs.twimg.com/media/E2SccAoVIAY-UJ4?format=jpg&name=360x360', 'https://pbs.twimg.com/media/E2SccNEVkAAf2i2?format=jpg&name=360x360']",https://twitter.com/SatpolPP_DKI/status/1397413795387961344
26,ÿßÿ®Ÿà ÿ±ŸäÿßŸÑ,@AbuReal2,2021-05-26T04:33:47.000Z,"Ayo pak,sesekali beri pelajaran thdp mereka yg telah memfitnah BpK!! 
@DKIJakarta
 @aniesbaswedan","Nicho Silalahi, YouTube : Migran TV
@Nicho_Silalahi
 ¬∑ May 25
Pak Anis Baswedan mau berapa banyak pendukung setia mu terpenjara gara¬≤ membelainmu ?

Saat kau difitnah para pendukung mu pasang badan dan menyerang balik para Buzzer jahanam itu, adakah niatmu untuk melaporkan para Buzzer jahanam itu, sedangkan pendukung mu dilaporkan mereka ?",,,,2,['https://pbs.twimg.com/profile_images/1384214201451704325/NI_UvAF7_mini.jpg'],https://twitter.com/AbuReal2/status/1397410613622714371
27,Dinas Sumber Daya Air DKI Jakarta,@DinasSDAJakarta,2021-05-26T04:01:24.000Z,"UPDATE Tinggi Muka Air, Rabu 26 Mei 2021 Pukul 11.00 WIB. 
@aniesbaswedan
@ArizaPatria
@DKIJakarta
@DinasSDAJakarta
@BPBDJakarta
@BeritaJakarta
#PasukanBiru
#PerluTahu
#JAKI
http://facebook.com/DinasSDAProvDKIJkrt/‚Ä¶",,,,,2,['https://pbs.twimg.com/media/E2SSGW9VcAoZjrf?format=jpg&name=small'],https://twitter.com/DinasSDAJakarta/status/1397402462076637184
28,DPW PKB DKI JAKARTA,@DPWPKBJAKARTA,2021-05-26T03:34:50.000Z,"Pernyataan Sekretaris Komisi C DPRD DKI Yusuf, S.I.Kom mengenai Rapat Komisi C 

#Repost 
@fpkbdki
 

@dpp_pkb
 @cakiminow
 @emhasanuddin
 @hasbipkb
  @ahmadruslanpkb
 @Jamaluddin_Lama
 @sutiknopkb
 @DKIJakarta
 @dprddkijakarta
 @aniesbaswedan
 

#PKB","Rapat Komisi C, Bang Yusuf : pemda harus buat terobosan agar peneri...
Selasa 25 Mei 2021 Komisi C DPRD DKI Jakarta melakukan rapat membahas strategi optimalisasi Penerimaan Pajak Daerah 2021 berdasarkan laporan pajak daerah per...
youtube.com",,,1,2,['https://pbs.twimg.com/card_img/1397394978297376771/Np1FQHlJ?format=jpg&name=240x240'],https://twitter.com/DPWPKBJAKARTA/status/1397395780017688577
29,FRAKSI PKB JAKARTA,@fpkbdki,2021-05-26T03:33:09.000Z,"Rapat Komisi C, Bang Yusuf : Pemda harus buat terobosan agar penerimaan pajak capai target.
@DPP_PKB
 @cakimiNOW
 @EmHasanuddin
 @hasbipkb
 @DPWPKBJAKARTA
 @dprddkijakarta
 @DKIJakarta
 @aniesbaswedan
https://youtu.be/4L_fb0jo21s

#PKB","Rapat Komisi C, Bang Yusuf : pemda harus buat terobosan agar peneri...
Selasa 25 Mei 2021 Komisi C DPRD DKI Jakarta melakukan rapat membahas strategi optimalisasi Penerimaan Pajak Daerah 2021 berdasarkan laporan pajak daerah per...
youtube.com",,,,2,['https://pbs.twimg.com/card_img/1397394978297376771/Np1FQHlJ?format=jpg&name=240x240'],https://twitter.com/fpkbdki/status/1397395352811053056
30,Ho'Ba Na Pantun,@Hoba_Na_Pantun,2021-05-26T03:27:23.000Z,"Resapan air hingga ruas jalan dialihfungsikan menjadi tempat usaha.
@aniesbaswedan
 @ArizaPatria
 @DKIJakarta
 @dprddkijakarta
 @SatpolPP_DKI
 @DishubDKI_JKT
 @atcs_jakarta
 @humasparkirdki
 @jakprogroup
 @BinaMargaDKI
 @DinasSDAJakarta
#bangunanliar
#parkirliar","Semrawut !!! Marak Bangli dan Parkir Liar di Komplek Pergudangan Muara Karang - cybernewsnasional...
Jakarta, MCNN ‚Äì Walaupun sudah pernah digusur, sejumlah bangunan liar (Bangli) di Kawasan Komplek Pergudangan Muara Karang, Kecamatan Penjaringan, Jakarta Utara kembali Selengkapnya
cybernewsnasional.com",,,,,['https://pbs.twimg.com/card_img/1397392600089473024/2ccRvCrL?format=png&name=small'],https://twitter.com/Hoba_Na_Pantun/status/1397393904073207808
31,Senator Indonesia,@DPDRI,2021-05-26T03:17:02.000Z,"Selamat Hari Raya Waisak 26 Mei 2021.

""Waisak Membangkitkan Semangat Persatuan untuk Indonesia Maju""
@jimlyas
@jimlyas
.note
@jimlyschool
@mprgoid
@dpdri
@ypi_alazhar
@icmipusat
@dkijakarta
@dppwalubi01

#dpdri #kabarsenator",,,,1,3,['https://pbs.twimg.com/media/E2SH-2HVcAQwAdn?format=jpg&name=small'],https://twitter.com/DPDRI/status/1397391300563902464
32,Dinas Sumber Daya Air DKI Jakarta,@DinasSDAJakarta,2021-05-26T03:15:56.000Z,"UPDATE Tinggi Muka Air, Rabu 26 Mei 2021 Pukul 10.00 WIB. 
@aniesbaswedan
@ArizaPatria
@DKIJakarta
@DinasSDAJakarta
@BPBDJakarta
@BeritaJakarta
#PasukanBiru
#PerluTahu
#JAKI
http://facebook.com/DinasSDAProvDKIJkrt/‚Ä¶",,,,,1,['https://pbs.twimg.com/media/E2SHuKjVIAMqCak?format=jpg&name=small'],https://twitter.com/DinasSDAJakarta/status/1397391022330580998
33,Bina Marga JakSel,@binamargajaksel,2021-05-26T03:08:02.000Z,"YELLOW SQUAD ‚Äç Kegiatan SAFETY TALK
Rabu, 26 Mei 2021
@DKIJakarta
 - 
@BinaMargaDKI
@aniesbaswedan
 - 
@ArizaPatria
@HariNugie
 - 
@herusuwondo
#BeritaJakarta  #InfoJakarta #PasukanKuning",,üë∑,,,,"['https://pbs.twimg.com/media/E2SF5OIVEAIZfRe?format=jpg&name=360x360', 'https://pbs.twimg.com/media/E2SF5OKUYAAd4Jj?format=jpg&name=360x360']",https://twitter.com/binamargajaksel/status/1397389033207066630
34,Pemprov DKI Jakarta,@DKIJakarta,2021-05-26T03:00:42.000Z,"Selamat Hari Raya Waisak 2565 BE/2021, teman-teman! 

'Waisak Membangkitkan Semangat Persatuan Untuk Indonesia Maju'.

Merepresentasikan semangat, optimisme, kebersamaan. Mari bersama melewati masa pandemi, sama-sama bangkit, sama-sama menang.

#waisak #dkijakarta #kotakolaborasi",,,,3,19,['https://pbs.twimg.com/media/E2SEMnEUUAAZDf8.jpg'],https://twitter.com/DKIJakarta/status/1397387189189701633
35,Dulmogati,@jKrisnayana99,2021-05-26T02:52:35.000Z,"BANGGA PRODUK LOKAL
Namaku BATIK Selalu Punya Cara untuk   Menyesuaikan Pemakainya. KEMEJA BATIK Size M-XXL Rp.180.000,- DM/081249194129 
@OfficialAsoppsi
 @mac4n_utara
 @AjengCute16ID
 @DKIJakarta
  #PewirausahaPemula",,‚≠ê ‚≠ê,1,21,20,"['https://pbs.twimg.com/media/E2SCXulUUAIdndq?format=jpg&name=360x360', 'https://pbs.twimg.com/media/E2SCYMNVcAMS0qQ?format=jpg&name=360x360', 'https://pbs.twimg.com/media/E2SCX9pUcAAbywr?format=jpg&name=360x360', 'https://pbs.twimg.com/media/E2SCYdgUcAM6AYA?format=jpg&name=360x360']",https://twitter.com/jKrisnayana99/status/1397385143707344905
36,Bina Marga JakSel,@binamargajaksel,2021-05-26T02:38:24.000Z,"SITUASI TERKINI UNDERPASS WILAYAH JAKARTA SELATAN ‚Äç
::Bungur, Kebayoran Lama::
Rabu, 26 Mei 2021, Kondisi Aman Terkendali
@DKIJakarta
 - 
@BinaMargaDKI
@aniesbaswedan
 - 
@ArizaPatria
@HariNugie
 - 
@herusuwondo
#BeritaJakarta  #InfoJakarta #PasukanKuning",,üë∑,,,,"['https://pbs.twimg.com/media/E2R_A3TVgAEAc9R?format=jpg&name=360x360', 'https://pbs.twimg.com/media/E2R_A3SVUAM0LYs?format=jpg&name=360x360']",https://twitter.com/binamargajaksel/status/1397381574677569537
37,Dinas Sumber Daya Air DKI Jakarta,@DinasSDAJakarta,2021-05-26T01:25:07.000Z,"UPDATE Tinggi Muka Air, Rabu 26 Mei 202 Pukul 08.00 WIB. 
@aniesbaswedan
@ArizaPatria
@DKIJakarta
@DinasSDAJakarta
@BPBDJakarta
@BeritaJakarta
#PasukanBiru
#PerluTahu
#JAKI
http://facebook.com/DinasSDAProvDKIJkrt/‚Ä¶",,,,,2,['https://pbs.twimg.com/media/E2RuW2dUcAAkuKn?format=jpg&name=small'],https://twitter.com/DinasSDAJakarta/status/1397363134394896385
38,Warta Kota Official,@wartakotalive,2021-05-26T01:17:08.000Z,"APA Itu Kode Pos dan Bagaimana Penyusunan Nomor, Kenapa Kode Pos DKI Jakarta Beda Sendiri

https://wartakota.tribunnews.com/2021/05/26/apa-itu-kode-pos-dan-bagaimana-penyusunan-nomor-kenapa-kode-pos-dki-jakarta-beda-sendiri‚Ä¶

TAHUKAH ANDA BAHWA PENOMORAN KODE POS DI JAKARTA BERBEDA DIBANDINGKAN PRO LAIN??

#kodepos #infojkt #jakarta #posindonesia 
@BPBDJakarta
 @DKIJakarta
 @aniesbaswedan","APA Itu Kode Pos dan Bagaimana Penyusunan Nomor, Kenapa Kode Pos DKI Jakarta Beda Sendiri - Warta...
Apa itu Kode Pos dan bagaimana cara penyusunan nomor dalam kode pos. Kenapa penomoran kode pos di Jakarta berbeda?
wartakota.tribunnews.com",,,,,['https://pbs.twimg.com/card_img/1397360845982601218/I0dWv199?format=jpg&name=small'],https://twitter.com/wartakotalive/status/1397361124064911361
39,Gundul = Ganteng,@kayu_bondol,2021-05-26T00:20:51.000Z,"KPK 
@DKIJakarta
 sibuk lakukn penyelamatn anggota KPK Kuningan yg dipecat gegara dukung seks bebas dan taliban, sampai2 korupsi dilingkungan pendidikn trlewatkn.

Bravo Kejati DKI ",,üëç,,,,['https://pbs.twimg.com/media/E2RfpGaVkAAMnQ6?format=jpg&name=small'],https://twitter.com/kayu_bondol/status/1397346962496688131
40,Dinas Sumber Daya Air DKI Jakarta,@DinasSDAJakarta,2021-05-27T13:05:03.000Z,"UPDATE Tinggi Muka Air, Kamis 27 Mei 2021 Pukul 20.00 WIB. 
@aniesbaswedan
@ArizaPatria
@DKIJakarta
@DinasSDAJakarta
@BPBDJakarta
@BeritaJakarta
#PasukanBiru
#PerluTahu
#JAKI
https://facebook.com/DinasSDAProvDKIJkrt/‚Ä¶",,,,,,['https://pbs.twimg.com/media/E2ZYJkmVEAY9FwB?format=jpg&name=small'],https://twitter.com/DinasSDAJakarta/status/1397901667673145347
41,Pendi Wongso,@pendi_wongso,2021-05-27T13:01:17.000Z,"Pak Gub 
@DKIJakarta
 ini tolong bendera ormas ditertibkan banyak banget udah seperti bendera parpol aje  Jl. Panjang Grogol Selatan Jaksel",,,,,,"['https://pbs.twimg.com/media/E2ZXR5pVcAIsCaL?format=jpg&name=small', 'https://pbs.twimg.com/media/E2ZXSqZVIAUHb5A?format=jpg&name=360x360']",https://twitter.com/pendi_wongso/status/1397900716102930436
42,SDSDA JAKARTA UTARA,@SDSDA_JAKUT,2021-05-27T13:01:15.000Z,"Kamis, 27 Mei 2021
Satgas pasukan biru melakukan giat kuras saluran di JL Kamal Muara Kel. Kamal Muara Kec. PenjaringanJakarta Utara
@aniesbaswedan
@DinasSDAJakarta
@dkiJakarta
@BPBDJakarta
@BeritaJakarta
@infojakarta
#PasukanBiru
#DKIJakarta
#OperasiSiagaIbuKota
#JakartaUtara",,,,,,"['https://pbs.twimg.com/media/E2ZXRh8UUAAlyrA?format=jpg&name=360x360', 'https://pbs.twimg.com/media/E2ZXSESVIAMqihY?format=jpg&name=360x360', 'https://pbs.twimg.com/media/E2ZXR1BUcAY9iah?format=jpg&name=360x360', 'https://pbs.twimg.com/media/E2ZXSQ0UYAUv0pc?format=jpg&name=360x360']",https://twitter.com/SDSDA_JAKUT/status/1397900708519710722
43,Boso_Mae 2,@BudiKropos,2021-05-27T12:58:28.000Z,"Siapa ASL Cs ? yang kerja sama sgn PT MCP untuk paket pengadaan sembako satuan kerja pemerintahan dan Kesra 
@DKIJakarta
 senilai Rp 60 miliar. yang tanda tangan Spk nya pejabat pembuat komitmen Widyarto Teguh Nugroho. SPK yang diduga bodong itu diserahkan di Balaikota.",,,,1,1,['https://pbs.twimg.com/media/E2ZWplIVgAIJJvz?format=jpg&name=small'],https://twitter.com/BudiKropos/status/1397900008867864577
44,arafat,@kopisanger,2021-05-27T10:42:11.000Z,"Maju kota nya, bahagia warganya!
@DKIJakarta","Bang Edi
@EdiMahaMG
 ¬∑ 8h
gw ga percaya sekelas dosen UI mainan nya kayak gini, udah fitnah sih ini.. 
tapi ya ngapain juga kita ribut, pak anies nya aja selow.. yekan",,,,,"['https://pbs.twimg.com/profile_images/1319461676987551744/cZHd0duT_mini.jpg', 'https://pbs.twimg.com/media/E2XqDluVgAgNEaR?format=jpg&name=medium']",https://twitter.com/kopisanger/status/1397865714048925702
45,Pemprov DKI Jakarta,@DKIJakarta,2021-05-27T10:26:18.000Z,"[TERBARU] Penanganan #COVID19 di Jakarta.
(1/2) Update data tes PCR/antigen, kasus dan vaksinasi DKI Jakarta 27 Mei 2021. Strategi tes, lacak dan isolasi terus digencarkan untuk temukan sebanyaknya kasus positif agar tidak menularkan virus.
#JagaJakarta  #PSBBJakarta #PPKM",,,3,5,5,"['https://pbs.twimg.com/media/E2YzzITVkAIfWeT?format=jpg&name=360x360', 'https://pbs.twimg.com/media/E2Yzz7zVIAAMg8n?format=jpg&name=360x360']",https://twitter.com/DKIJakarta/status/1397861713974685701
46,Humas Walikota Jakarta Pusat,@kominfotikjp,2021-05-27T10:16:58.000Z,"Sebanyak tujuh pemudik yang sudah satu minggu tiba di wilayah Kelurahan Petojo Selatan dijemput petugas gabungan untuk menjalani swab antigen.
@aniesbaswedan
 @ArizaPatria
 @walikotajakpus
 @DKIJakarta
 @SatpolPP_Jakpus
 
#infojakpus",,,1,1,2,"['https://pbs.twimg.com/media/E2Yxq_WVEAMVlNA?format=jpg&name=360x360', 'https://pbs.twimg.com/media/E2YxribUYAIe74S?format=jpg&name=360x360', 'https://pbs.twimg.com/media/E2YxrRUVEAAuwMC?format=jpg&name=360x360', 'https://pbs.twimg.com/media/E2Yxr1sUUAA_KIM?format=jpg&name=360x360']",https://twitter.com/kominfotikjp/status/1397859366968074240
47,Dinas Sumber Daya Air DKI Jakarta,@DinasSDAJakarta,2021-05-27T10:07:59.000Z,"UPDATE Tinggi Muka Air, Kamis 27 Mei 2021 Pukul 17.00 WIB. 
@aniesbaswedan
@ArizaPatria
@DKIJakarta
@DinasSDAJakarta
@BPBDJakarta
@BeritaJakarta
#PasukanBiru
#PerluTahu
#JAKI
https://facebook.com/DinasSDAProvDKIJkrt/‚Ä¶",,,,,2,['https://pbs.twimg.com/media/E2Yvn5MUUAQCZ76?format=jpg&name=small'],https://twitter.com/DinasSDAJakarta/status/1397857105181241350
48,Dinas Sumber Daya Air DKI Jakarta,@DinasSDAJakarta,2021-05-27T09:31:46.000Z,"Pengurasan Kali Beton segmen jl. Tangki Lio RW. 007 kel. Maphar. Satgas SDA kec. Tamansari
@aniesbaswedan
@ArizaPatria
@DKIJakarta
@DinasSDAJakarta
@BPBDJakarta
@BeritaJakarta
#PasukanBiru 
#JAKI 
#perlutahu
#OperasiSiagaIbuKota
#jagajakarta",,,,,1,['https://pbs.twimg.com/media/E2YnT4CUUAEscrE?format=jpg&name=small'],https://twitter.com/DinasSDAJakarta/status/1397847991860416512
49,Dinas Sumber Daya Air DKI Jakarta,@DinasSDAJakarta,2021-05-27T09:29:51.000Z,"Pengurasan saluran di jl. Belimbing RW. 004 kel. Mabes. Satgas SDA kec. Tamansari
@aniesbaswedan
@ArizaPatria
@DKIJakarta
@DinasSDAJakarta
@BPBDJakarta
@BeritaJakarta
#PasukanBiru 
#JAKI 
#perlutahu
#OperasiSiagaIbuKota
#jagajakarta",,,,,1,['https://pbs.twimg.com/media/E2Ym4k2VgAUG_uH?format=jpg&name=small'],https://twitter.com/DinasSDAJakarta/status/1397847507825135617
50,Dinas Sumber Daya Air DKI Jakarta,@DinasSDAJakarta,2021-05-27T07:46:06.000Z,"Kegiatan perbaikan saluran di Jl. Harapan Mulia 1 Sisi Utara Rw 05 Kel. Harapan Mulya Kec. Kemayoran
@aniesbaswedan
@ArizaPatria
@DKIJakarta
@DinasSDAJakarta
@BPBDJakarta
@BeritaJakarta
#PasukanBiru 
#JAKI 
#perlutahu
#OperasiSiagaIbuKota
#jagajakarta",,,,,1,"['https://pbs.twimg.com/media/E2YPGBvVoAEdEnl?format=jpg&name=small', 'https://pbs.twimg.com/media/E2YPGCOVUAAfrYB?format=jpg&name=360x360', 'https://pbs.twimg.com/media/E2YPGCnUYAIg6_0?format=jpg&name=360x360']",https://twitter.com/DinasSDAJakarta/status/1397821398928691202
51,Dinas Sumber Daya Air DKI Jakarta,@DinasSDAJakarta,2021-05-27T07:45:12.000Z,"Kegiatan plester dan aci parapet sebelah embung di Jl. Letjend Suprapto Kec. Kemayoran
@aniesbaswedan
@ArizaPatria
@DKIJakarta
@DinasSDAJakarta
@BPBDJakarta
@BeritaJakarta
#PasukanBiru 
#JAKI 
#perlutahu
#OperasiSiagaIbuKota
#jagajakarta",,,,,1,"['https://pbs.twimg.com/media/E2YO7XGUYAAI5ag?format=jpg&name=small', 'https://pbs.twimg.com/media/E2YO7XqVEAU_YeM?format=jpg&name=small']",https://twitter.com/DinasSDAJakarta/status/1397821174248210432
52,Dinas Sumber Daya Air DKI Jakarta,@DinasSDAJakarta,2021-05-27T07:43:49.000Z,"Giat Pemasangan tutup udith ukuran 40 hd di Jl. Jaha RT 09 RW 01 Kec. Pasar Minggu
@aniesbaswedan
@ArizaPatria
@DKIJakarta
@DinasSDAJakarta
@BPBDJakarta
@BeritaJakarta
#PasukanBiru 
#JAKI 
#perlutahu
#OperasiSiagaIbuKota
#jagajakarta",,,,,,"['https://pbs.twimg.com/media/E2YOhpIVgAQavJl?format=jpg&name=360x360', 'https://pbs.twimg.com/media/E2YOhpmVUAkn4Z7?format=jpg&name=360x360', 'https://pbs.twimg.com/media/E2YOhqBUYAAgIBg?format=jpg&name=360x360']",https://twitter.com/DinasSDAJakarta/status/1397820823075901441
53,Dinas Sumber Daya Air DKI Jakarta,@DinasSDAJakarta,2021-05-27T07:42:53.000Z,"Kegiatan perbaikan turap kali di Jl. Gunung Sahari Raya  Kec. Sawah Besar
@aniesbaswedan
@ArizaPatria
@DKIJakarta
@DinasSDAJakarta
@BPBDJakarta
@BeritaJakarta
#PasukanBiru 
#JAKI 
#perlutahu
#OperasiSiagaIbuKota
#jagajakarta",,,,,2,"['https://pbs.twimg.com/media/E2YOQ5iUcAIZVEo?format=jpg&name=small', 'https://pbs.twimg.com/media/E2YOQ5qVEAIhvMw?format=jpg&name=small']",https://twitter.com/DinasSDAJakarta/status/1397820591189598208
54,dukcapiljakarta,@dukcapiljakarta,2021-05-27T07:28:25.000Z,"Kamis (27/05), Dinas Dukcapil Provinsi DKI Jakarta melakukan perekaman KTP-el kepada Warga Binaan Sosial

Perekaman ini bertempatkan di PSBLHS 2 yang berada di Cipayung, Jakarta Timur 

_________________________________
@dkijakarta
 
@dinsosdkijakarta 
@aniesbaswedan
 
@arizapatria",,,,,2,"['https://pbs.twimg.com/media/E2YLFqRVkAAfmfR?format=jpg&name=360x360', 'https://pbs.twimg.com/media/E2YLGGbVgAApgSt?format=jpg&name=360x360', 'https://pbs.twimg.com/media/E2YLGy3UUAYyF0t?format=jpg&name=360x360']",https://twitter.com/dukcapiljakarta/status/1397816948331663364
55,bahardoang,@bahardoang3,2021-05-27T07:27:22.000Z,"Pak 
@aniesbaswedan
 dan 
@DKIJakarta
 apa tidak terusik dgn tuduhan ini...apa masih akan berdiam diri ???","ade armando
@adearmando1
 ¬∑ 13h
Yang mana yang layak didukung?",,,,,"['https://pbs.twimg.com/profile_images/1308188827052175360/UsTJDtH7_mini.jpg', 'https://pbs.twimg.com/media/E2Wi2ZkVkAMt089?format=jpg&name=small']",https://twitter.com/bahardoang3/status/1397816684442836999
56,Dinas Sumber Daya Air DKI Jakarta,@DinasSDAJakarta,2021-05-27T06:41:43.000Z,"Giat  Pengurasan Saluran Jl. Tebet Utara IIC Kec. Tebet
@aniesbaswedan
@ArizaPatria
@DKIJakarta
@DinasSDAJakarta
@BPBDJakarta
@BeritaJakarta
#PasukanBiru 
#JAKI 
#perlutahu
#OperasiSiagaIbuKota
#jagajakarta",,,,1,5,"['https://pbs.twimg.com/media/E2YASIPVUAM72T6?format=jpg&name=small', 'https://pbs.twimg.com/media/E2YASInUYAAmZGW?format=jpg&name=small']",https://twitter.com/DinasSDAJakarta/status/1397805195011129345
57,Dinas Sumber Daya Air DKI Jakarta,@DinasSDAJakarta,2021-05-27T06:40:34.000Z,"Giat pengangkutan hasil pengurasan di Jl. Tebet Raya Sisi 2 Kec. Tebet
@aniesbaswedan
@ArizaPatria
@DKIJakarta
@DinasSDAJakarta
@BPBDJakarta
@BeritaJakarta
#PasukanBiru 
#JAKI 
#perlutahu
#OperasiSiagaIbuKota
#jagajakarta",,,,2,1,"['https://pbs.twimg.com/media/E2YAF2fUYAQHNQT?format=jpg&name=small', 'https://pbs.twimg.com/media/E2YAF2wUcAQWZa8?format=jpg&name=small']",https://twitter.com/DinasSDAJakarta/status/1397804906757582848
58,Dinas Sumber Daya Air DKI Jakarta,@DinasSDAJakarta,2021-05-27T06:39:36.000Z,"Kegiatan Pembuatan Saluran Baru di Jl. Kramat Lontar Gang 3 Rt 19 Rw 01 Kec. Senen
@aniesbaswedan
@ArizaPatria
@DKIJakarta
@DinasSDAJakarta
@BPBDJakarta
@BeritaJakarta
#PasukanBiru 
#JAKI 
#perlutahu
#OperasiSiagaIbuKota
#jagajakarta",,,,,1,"['https://pbs.twimg.com/media/E2X_qTnVUAQrQjt?format=jpg&name=small', 'https://pbs.twimg.com/media/E2X_qT1VkAAx8w-?format=jpg&name=small']",https://twitter.com/DinasSDAJakarta/status/1397804662892359683
59,Daniel Giovanni Latumahina,@qronoz,2021-05-27T06:37:12.000Z,"Kemaren pagi sepedaan lewatin jalan rusak di salah satu jembatan di Tegal Parang. Brenti bentar, buka app JAKI, laporin.

Eh hari ini udah dapet notifikasi kalo laporannya udah selesai ditindaklanjut. Lengkap sama foto dari angle yang sama. Mantap, 
@BinaMargaDKI
 @DKIJakarta
! ",,üí™,2,22,108,"['https://pbs.twimg.com/media/E2X_YYMVgAgdW98?format=jpg&name=small', 'https://pbs.twimg.com/media/E2X_YYMVkAQUeH4?format=jpg&name=small', 'https://pbs.twimg.com/media/E2X_YYPVcAMvb6Z?format=jpg&name=360x360']",https://twitter.com/qronoz/status/1397804059453579265
60,Om Budhi Uban,@BudhiJade,2021-05-27T06:25:50.000Z,"Alhamdulillah, Saya Mitra Driver GoRide Gojek sudah Vaksinasi Covid19 Tahap 2.
@gojekindonesia
 @halodoc
 @kemenkes_ri
 @dkijakarta
 @dishubdkijakarta #sayasudahvaksin2",,,,,1,['https://pbs.twimg.com/ext_tw_video_thumb/1397800493389258760/pu/img/9Zx3M2yk7X5rFqhx.jpg'],https://twitter.com/BudhiJade/status/1397801199336792066
61,Udara Pagi,@UdaraPagi9,2021-05-27T06:23:44.000Z,"Pemkot Bengkulu Larang Juru Parkir Beroperasi di Gerai Alfamart dan Indomaret, ini Sebabnya 

https://daulatrakyat.net/2021/05/27/pemkot-bengkulu-larang-juru-parkir-beroperasi-di-gerai-alfamart-dan-indomaret-ini-sebabnya/‚Ä¶ 

Mungkin Gubernur 
@DKIJakarta
 @aniesbaswedan
 mau melakukan hal yang sama?","Pemkot Bengkulu Larang Juru Parkir Beroperasi di Gerai Alfamart dan Indomaret, ini Sebabnya
Pemerintah Kota (Pemkot) Bengkulu melalui Badan Pendapatan Daerah (Bapenda), menegaskan kepada seluruh juru parkir yang beroperasi di gerai Indomaret dan Alfamaret, untuk menghentikan semua kegiatan
daulatrakyat.net",,,,,['https://pbs.twimg.com/card_img/1397783933836615680/xJ9RLpKh?format=jpg&name=small'],https://twitter.com/UdaraPagi9/status/1397800669831077895
62,Dinas Sumber Daya Air DKI Jakarta,@DinasSDAJakarta,2021-05-27T05:39:12.000Z,"Kegiatan Pengurasan Saluran di Jl. F Wilayah RW 05 Kec. Kemayoran
@aniesbaswedan
@ArizaPatria
@DKIJakarta
@DinasSDAJakarta
@BPBDJakarta
@BeritaJakarta
#PasukanBiru 
#JAKI 
#perlutahu
#OperasiSiagaIbuKota
#jagajakarta",,,,,,"['https://pbs.twimg.com/media/E2XyFwLUYAEwDMk?format=jpg&name=small', 'https://pbs.twimg.com/media/E2XyFwgVoAMpzYD?format=jpg&name=small']",https://twitter.com/DinasSDAJakarta/status/1397789464705966084
63,Dinas Sumber Daya Air DKI Jakarta,@DinasSDAJakarta,2021-05-27T05:38:39.000Z,"Kegiatan Pengurasan Saluran di PHB Jl. Kampung Rawa Sawah RW 02 Kec. Johar Baru
@aniesbaswedan
@ArizaPatria
@DKIJakarta
@DinasSDAJakarta
@BPBDJakarta
@BeritaJakarta
#PasukanBiru 
#JAKI 
#perlutahu
#OperasiSiagaIbuKota
#jagajakarta",,,,,1,"['https://pbs.twimg.com/media/E2Xx4IrVcAAPBvn?format=jpg&name=small', 'https://pbs.twimg.com/media/E2Xx4I7VkAEvL8o?format=jpg&name=small']",https://twitter.com/DinasSDAJakarta/status/1397789326725894147
64,ùïÇùï¶ùïûùïìùï¶ùïùùïÜùï£ùïñùïü,@KumbulOren,2021-05-27T05:38:07.000Z,"Min 
@DKIJakarta
 kenapa link http://sidanira.jakarta.go.id sulit sekali  diakses ya..?",,,,,,[],https://twitter.com/KumbulOren/status/1397789190700421121
65,Dinas Sumber Daya Air DKI Jakarta,@DinasSDAJakarta,2021-05-27T05:37:52.000Z,"Giat Pengurasan Saluran di Jl. Margasatwa Kec. Cilandak 
@aniesbaswedan
@ArizaPatria
@DKIJakarta
@DinasSDAJakarta
@BPBDJakarta
@BeritaJakarta
#PasukanBiru 
#JAKI 
#perlutahu
#OperasiSiagaIbuKota
#jagajakarta",,,,,,"['https://pbs.twimg.com/media/E2Xxr_0VIAkRqyY?format=jpg&name=small', 'https://pbs.twimg.com/media/E2XxsACVkAQPmjJ?format=jpg&name=small']",https://twitter.com/DinasSDAJakarta/status/1397789127966281730
66,Dinas Sumber Daya Air DKI Jakarta,@DinasSDAJakarta,2021-05-27T05:36:57.000Z,"Giat Perbaikan Turap Batu kali Phb Pondok Labu  segmen Depan Stallo Rt.005/01 Kel. Pondok Labu Kec. Cilandak 
@aniesbaswedan
@ArizaPatria
@DKIJakarta
@DinasSDAJakarta
@BPBDJakarta
@BeritaJakarta
#PasukanBiru 
#JAKI 
#perlutahu
#OperasiSiagaIbuKota
#jagajakarta",,,,,,"['https://pbs.twimg.com/media/E2Xxkj9VcAA4naX?format=jpg&name=small', 'https://pbs.twimg.com/media/E2XxkkRVoAMPx9e?format=jpg&name=small']",https://twitter.com/DinasSDAJakarta/status/1397788897334095875
67,Dinas Sumber Daya Air DKI Jakarta,@DinasSDAJakarta,2021-05-27T05:36:07.000Z,"Giat Perbaikan Turap Batu kali Phb Pinang Kalijati  Jl. Pinang IV RT 006/02 Kel. Pondok Labu Kec. Cilandak
@aniesbaswedan
@ArizaPatria
@DKIJakarta
@DinasSDAJakarta
@BPBDJakarta
@BeritaJakarta
#PasukanBiru 
#JAKI 
#perlutahu
#OperasiSiagaIbuKota
#jagajakarta",,,,,2,"['https://pbs.twimg.com/media/E2XxP_ZVgAEKJ62?format=jpg&name=small', 'https://pbs.twimg.com/media/E2XxP_vVEAAXHwz?format=jpg&name=small']",https://twitter.com/DinasSDAJakarta/status/1397788685844709379
68,Dinas Sumber Daya Air DKI Jakarta,@DinasSDAJakarta,2021-05-27T05:35:07.000Z,"Giat pengerukan Kali Cideng (segmen KPK Lama) di Jl. Kuningan Mulia Kec. Setiabudi 
@aniesbaswedan
@ArizaPatria
@DKIJakarta
@DinasSDAJakarta
@BPBDJakarta
@BeritaJakarta
#PasukanBiru 
#JAKI 
#perlutahu
#OperasiSiagaIbuKota
#jagajakarta",,,,,1,"['https://pbs.twimg.com/media/E2Xw97oVgAAfai5?format=jpg&name=small', 'https://pbs.twimg.com/media/E2Xw97sUYAMQjcq?format=jpg&name=small']",https://twitter.com/DinasSDAJakarta/status/1397788435507646465
69,Dinas Sumber Daya Air DKI Jakarta,@DinasSDAJakarta,2021-05-27T03:37:20.000Z,"Giat Pembuatan saluran di Jl. Nipah 12  Kec. Kebayoran Baru
@aniesbaswedan
@ArizaPatria
@DKIJakarta
@DinasSDAJakarta
@BPBDJakarta
@BeritaJakarta
#PasukanBiru 
#JAKI 
#perlutahu
#OperasiSiagaIbuKota
#jagajakarta",,,,,,"['https://pbs.twimg.com/media/E2XWEfXVIAMXGN-?format=jpg&name=small', 'https://pbs.twimg.com/media/E2XWEfvVcAEbWzX?format=jpg&name=small', 'https://pbs.twimg.com/media/E2XWEgGVcAAT_jf?format=jpg&name=small']",https://twitter.com/DinasSDAJakarta/status/1397758793375649794
70,Dinas Sumber Daya Air DKI Jakarta,@DinasSDAJakarta,2021-05-27T03:36:22.000Z,"Giat perapihan dan penutupan plat di Jl. Raya Ragunan depan Sekolah Bakti Tugas Kec. Pasar Minggu
@aniesbaswedan
@ArizaPatria
@DKIJakarta
@DinasSDAJakarta
@BPBDJakarta
@BeritaJakarta
#PasukanBiru 
#JAKI 
#perlutahu
#OperasiSiagaIbuKota
#jagajakarta",,,,,,"['https://pbs.twimg.com/media/E2XV160VcAEv6ov?format=jpg&name=small', 'https://pbs.twimg.com/media/E2XV17FUYAQdulw?format=jpg&name=small']",https://twitter.com/DinasSDAJakarta/status/1397758550156349440
71,Dinas Sumber Daya Air DKI Jakarta,@DinasSDAJakarta,2021-05-27T03:35:15.000Z,"Giat Pengerukan Kali Baru Barat di Jl. Raya Pasar Minggu PD. Pasar Jaya Kec. Pasar Minggu
@aniesbaswedan
@ArizaPatria
@DKIJakarta
@DinasSDAJakarta
@BPBDJakarta
@BeritaJakarta
#PasukanBiru 
#JAKI 
#perlutahu
#OperasiSiagaIbuKota
#jagajakarta",,,,2,3,"['https://pbs.twimg.com/media/E2XVn5_VIAAi7SH?format=jpg&name=small', 'https://pbs.twimg.com/media/E2XVn6PUcAs2WvT?format=jpg&name=small']",https://twitter.com/DinasSDAJakarta/status/1397758269075038212
72,Dinas Sumber Daya Air DKI Jakarta,@DinasSDAJakarta,2021-05-27T03:34:29.000Z,"Giat pengurasan saluran di Jl. Karet Belakang Barat Kec. Setiabudi 
@aniesbaswedan
@ArizaPatria
@DKIJakarta
@DinasSDAJakarta
@BPBDJakarta
@BeritaJakarta
#PasukanBiru 
#JAKI 
#perlutahu
#OperasiSiagaIbuKota
#jagajakarta",,,,1,1,"['https://pbs.twimg.com/media/E2XVdy1UUAIN4d9?format=jpg&name=360x360', 'https://pbs.twimg.com/media/E2XVdzKVEAgul4i?format=jpg&name=small']",https://twitter.com/DinasSDAJakarta/status/1397758077261160449
73,Dinas Sumber Daya Air DKI Jakarta,@DinasSDAJakarta,2021-05-27T03:33:47.000Z,"Giat Pengurasan Saluran di Jl. H. Sajim RW 02 Kec. Kebayoran Baru
@aniesbaswedan
@ArizaPatria
@DKIJakarta
@DinasSDAJakarta
@BPBDJakarta
@BeritaJakarta
#PasukanBiru 
#JAKI 
#perlutahu
#OperasiSiagaIbuKota
#jagajakarta",,,,,,"['https://pbs.twimg.com/media/E2XVSE3VkAMnQEL?format=jpg&name=small', 'https://pbs.twimg.com/media/E2XVSFKVEAAu-qH?format=jpg&name=small']",https://twitter.com/DinasSDAJakarta/status/1397757903096868869
74,Dinas Sumber Daya Air DKI Jakarta,@DinasSDAJakarta,2021-05-27T03:33:00.000Z,"Giat Pengurasan saluran di Jl. Woltermonginsidi (Segmen Jl. Cibulan Raya) Kec. Kebayoran Baru 
@aniesbaswedan
@ArizaPatria
@DKIJakarta
@DinasSDAJakarta
@BPBDJakarta
@BeritaJakarta
#PasukanBiru 
#JAKI 
#perlutahu
#OperasiSiagaIbuKota
#jagajakarta",,,,1,2,"['https://pbs.twimg.com/media/E2XVHIvVkAEqHRA?format=jpg&name=small', 'https://pbs.twimg.com/media/E2XVHIyVIAUCQxd?format=jpg&name=small']",https://twitter.com/DinasSDAJakarta/status/1397757703481544709
75,Dinas Sumber Daya Air DKI Jakarta,@DinasSDAJakarta,2021-05-27T03:08:55.000Z,"UPDATE Tinggi Muka Air, Kamis 27 Mei 2021 Pukul 10.00 WIB. 
@aniesbaswedan
@ArizaPatria
@DKIJakarta
@DinasSDAJakarta
@BPBDJakarta
@BeritaJakarta
#PasukanBiru
#PerluTahu
#JAKI
https://facebook.com/DinasSDAProvDKIJkrt/‚Ä¶",,,,,,['https://pbs.twimg.com/media/E2XPtNVVIAQiw_m?format=jpg&name=small'],https://twitter.com/DinasSDAJakarta/status/1397751642376728576
76,jurnalpatrolinews.co.id,@jurnalpatrolin1,2021-05-27T03:05:16.000Z,"Awas, Ada Banjir Rob Usai Gerhana Bulan, Simak Peringatan BMKG Ini https://jurnalpatrolinews.co.id/metro/awas-ada-banjir-rob-usai-gerhana-bulan-simak-peringatan-bmkg-ini/‚Ä¶ 
@InfoHumasBMKG
 @infoBMKG
 @bmkgpadangpjg
 @DKIJakarta","Awas, Ada Banjir Rob Usai Gerhana Bulan, Simak Peringatan BMKG Ini - Jurnal Patroli News
JurnalPatroliNews ‚Äì Jakarta,‚Äì Badan Meteorologi, Klimatologi, dan Geofisika (BMKG) berpesan agar warga DKI Jakarta mewaspadai [‚Ä¶]
jurnalpatrolinews.co.id",,,,,['https://pbs.twimg.com/card_img/1397750522220744706/JfmAoHAy?format=jpg&name=small'],https://twitter.com/jurnalpatrolin1/status/1397750724625268738
77,Satpol PP DKI Jakarta,@SatpolPP_DKI,2021-05-27T03:02:32.000Z,"#Kilasgiat Kamis (27/05) Satpol PP DKI Jakarta Kelurahan Kartini gabung dengan 3 Pilar Melaksanakan Pendampingan Warga yang baru Pulang Mudik ke Jakarta untuk Melakukan Swab Antigen di Jalan Kartini IX, Jakarta Pusat
.
@aniesbaswedan
@ArizaPatria
@JSCLab
@DKIJakarta
#JAKI 
AG",,,,,,"['https://pbs.twimg.com/media/E2XOO_0UcAI44K1?format=jpg&name=360x360', 'https://pbs.twimg.com/media/E2XOPsmVgAYj11a?format=jpg&name=360x360', 'https://pbs.twimg.com/media/E2XOPX7VcAcw0jh?format=jpg&name=360x360', 'https://pbs.twimg.com/media/E2XOQC5VgAA2rtO?format=jpg&name=360x360']",https://twitter.com/SatpolPP_DKI/status/1397750036847415301
78,tukang ukur ngaspal jabidetabek,@grabgaul,2021-05-27T03:00:40.000Z,"Ada tukang sayur yg ga pernah beresin sampah daganganya, jadi bau busuk mengganggu lingkungan. Banyak lalat, resiko penyebaran penyakit. Sudah Ditegor tapi dableg

Lok: Jalan A, depan Telkom Walikota Jakarta Timur, pulogebang
@DKIJakarta
 @SatpolPP_DKI
 @aniesbaswedan
 @ArizaPatria",,,2,,2,['https://pbs.twimg.com/ext_tw_video_thumb/1397749525733806083/pu/img/NhU_JGKXtw136XB1.jpg'],https://twitter.com/grabgaul/status/1397749568318558210
79,Dinas Sumber Daya Air DKI Jakarta,@DinasSDAJakarta,2021-05-27T02:49:28.000Z,"Giat pengurasan saluran di Jl. Ciledug Raya RT 06/02 Kec. Kebayoran Lama
@aniesbaswedan
@ArizaPatria
@DKIJakarta
@DinasSDAJakarta
@BPBDJakarta
@BeritaJakarta
#PasukanBiru 
#JAKI 
#perlutahu
#OperasiSiagaIbuKota
#jagajakarta",,,,,1,"['https://pbs.twimg.com/media/E2XLH3WVEAAgicF?format=jpg&name=360x360', 'https://pbs.twimg.com/media/E2XLH3rVgAM_s2y?format=jpg&name=360x360']",https://twitter.com/DinasSDAJakarta/status/1397746749091893248
80,Dinas Sumber Daya Air DKI Jakarta,@DinasSDAJakarta,2021-05-27T02:46:20.000Z,"Giat pembuatan saluran di Jl. Panjang Cidodol RT 008 RW 05 Kec. Kebayoran Lama
@aniesbaswedan
@ArizaPatria
@DKIJakarta
@DinasSDAJakarta
@BPBDJakarta
@BeritaJakarta
#PasukanBiru 
#JAKI 
#perlutahu
#OperasiSiagaIbuKota
#jagajakarta",,,,,3,"['https://pbs.twimg.com/media/E2XKddxUYAIKs__?format=jpg&name=360x360', 'https://pbs.twimg.com/media/E2XKdeAVIAEgu2j?format=jpg&name=360x360']",https://twitter.com/DinasSDAJakarta/status/1397745960290189312
81,Dinas Sumber Daya Air DKI Jakarta,@DinasSDAJakarta,2021-05-27T02:00:31.000Z,"Kegiatan pengerukan di PLTU Ancol Jalan Pintu Carnaval Ancol Kec. Pademangan
@aniesbaswedan
@ArizaPatria
@DKIJakarta
@DinasSDAJakarta
@BPBDJakarta
@BeritaJakarta
#PasukanBiru 
#JAKI 
#perlutahu
#OperasiSiagaIbuKota
#jagajakarta",,,,,2,['https://pbs.twimg.com/ext_tw_video_thumb/1397734374230036481/pu/img/vjACHBsbLW-37fNk.jpg'],https://twitter.com/DinasSDAJakarta/status/1397734428269432835
82,Pemadam DKI Jakarta,@humasjakfire,2021-05-27T01:37:58.000Z,"Petugas #DamkarDKI mengevakuasi ular sanca dgn panjang -/+ 2,5 meter di Jl. Tanah Tinggi Barat (Kota Paris) RT 4/5 Kel. Tanah Tinggi Kec. Johar Baru Jakarta Barat (27/5/2021) #JAKI 
@DKIJakarta
 @aniesbaswedan
 @ArizaPatria
 @dprddkijakarta",,,,,3,"['https://pbs.twimg.com/media/E2W64j7UUAIfHNn?format=jpg&name=360x360', 'https://pbs.twimg.com/media/E2W65EaVcAILOpf?format=jpg&name=small']",https://twitter.com/humasjakfire/status/1397728754558902275
83,JakShared,@patriot016610,2021-05-27T01:27:50.000Z,"Ibu kota 
@DKIJakarta
 satu satunya propinsi dengan nilai IPM diatas nilai 80 atau sangat tinggi.
Capaian Dimensi Indeks Pembangunan Manusia DKI JAKARTA 2020 sangat baik.

Pasti nya warga jakarta merasakan kebahagiaan di era Gubernur 
@aniesbaswedan
 
Terbukti program tepat Sasaran",,üéû,,2,5,['https://pbs.twimg.com/media/E2W4j_BVkAEvXeK?format=jpg&name=small'],https://twitter.com/patriot016610/status/1397726205688762369
84,Pembaca Saja,@Rentonized,2021-05-27T01:22:12.000Z,"Cari muka ngomong prioritaskan kemerdekaan Palestina, ntar klo ditanya emang udah berbuat apa aja utk warga 
@DKIJakarta
 mingkem, ngakunya udh kebal kritik, pdhl sih memang bodoh spt kata google.. bener begitu nis 
@aniesbaswedan
 ?!?",,,1,2,2,[],https://twitter.com/Rentonized/status/1397724788290818049
85,Dinas Sumber Daya Air DKI Jakarta,@DinasSDAJakarta,2021-05-27T01:17:18.000Z,"Giat Pengurasan Saluran PHB di Jl. Ahmad Yani RW 06 Kel. Utan Kayu Selatan Kec. Matraman
@aniesbaswedan
@ArizaPatria
@DKIJakarta
@DinasSDAJakarta
@BPBDJakarta
@BeritaJakarta
#PasukanBiru 
#JAKI 
#perlutahu
#OperasiSiagaIbuKota
#jagajakarta",,,,,1,"['https://pbs.twimg.com/media/E2W2BulVoAEruJV?format=jpg&name=small', 'https://pbs.twimg.com/media/E2W2BuoVoAAw5YH?format=jpg&name=small']",https://twitter.com/DinasSDAJakarta/status/1397723555895250945
86,Dinas Sumber Daya Air DKI Jakarta,@DinasSDAJakarta,2021-05-27T01:16:08.000Z,"UPDATE Tinggi Muka Air, Kamis 27 Mei 2021 Pukul 08.00 WIB. 
@aniesbaswedan
@ArizaPatria
@DKIJakarta
@DinasSDAJakarta
@BPBDJakarta
@BeritaJakarta
#PasukanBiru
#PerluTahu
#JAKI
https://facebook.com/DinasSDAProvDKIJkrt/‚Ä¶",,,,,1,['https://pbs.twimg.com/media/E2W15MuVgAMxTPx?format=jpg&name=small'],https://twitter.com/DinasSDAJakarta/status/1397723261312507915
87,Anis Fauzan,@anisfauzan1,2021-05-27T00:14:21.000Z,"Kenapa Kepala Dinas Pemuda dan Olahraga tak termasuk? Itu event paduan suara yg viral di Masjid Istiqlal bukannya dibawah dinas Pemuda n Olahraga? 
@DkiSantoso
 @RAMujiyono
 @alimuhsuharli
 @DKIJakarta","Tribunnews.com
@tribunnews
 ¬∑ 13h
Ini 7 Pejabat DKI yang Mengundurkan Diri di Era Gubernur Anies
 
https://m.tribunnews.com/metropolitan/2021/05/27/ini-7-pejabat-dki-yang-mengundurkan-diri-di-era-gubernur-anies‚Ä¶ via @tribunnews",,,,,['https://pbs.twimg.com/profile_images/1373851008560812035/x57AQzF5_mini.jpg'],https://twitter.com/anisfauzan1/status/1397707713870585859
88,Dinas Sumber Daya Air DKI Jakarta,@DinasSDAJakarta,2021-05-27T00:11:10.000Z,"PDATE Tinggi Muka Air, Kamis 27 Mei 2021 Pukul 07.00 WIB. 
@aniesbaswedan
@ArizaPatria
@DKIJakarta
@DinasSDAJakarta
@BPBDJakarta
@BeritaJakarta
#PasukanBiru
#PerluTahu
#JAKI
https://facebook.com/DinasSDAProvDKIJkrt/‚Ä¶",,,,1,3,['https://pbs.twimg.com/media/E2WnBDTUYAEjQCh?format=jpg&name=small'],https://twitter.com/DinasSDAJakarta/status/1397706911089270786
89,Satpol PP DKI Jakarta,@SatpolPP_DKI,2021-05-27T00:01:58.000Z,"Data Pengawasan dan Penindakan Pelanggaran PSBB oleh Satpol PP DKI Jakarta periode 11 Januari s/d 26 Mei 2021 (Berdasarkan Pergub No.3 tahun 2021)
.
Salam sehat dan selalu patuhi Protokol Kesehatan
.
@aniesbaswedan
@ArizaPatria
@JSCLab
@DKIJakarta
#JAKI 
#DKIJakarta 
AG",,,,,,"['https://pbs.twimg.com/media/E2Wk6LfUcAILvUq?format=jpg&name=360x360', 'https://pbs.twimg.com/media/E2Wk6r_VcAAH98C?format=jpg&name=360x360', 'https://pbs.twimg.com/media/E2Wk6XCVcAQcq99?format=jpg&name=360x360', 'https://pbs.twimg.com/media/E2Wk7CIVoAA3_H0?format=jpg&name=360x360']",https://twitter.com/SatpolPP_DKI/status/1397704595745374210
